"Address","Occurrences","H1-1","H1-1 Length","H1-2","H1-2 Length","Indexability","Indexability Status"
"https://www.veteransplumbingcorp.com/","1","Plumbing & Water Softener Services in Boise","43","","0","Indexable",""
"https://www.veteransplumbingcorp.com/contact-us","1","Contact Veterans Plumbing Today!","32","","0","Indexable",""
"https://www.veteransplumbingcorp.com/hot-water-heater-meridian","1","High-Quality Water Heaters in Meridian","38","","0","Indexable",""
"https://www.veteransplumbingcorp.com/Water-Softener-System","1","Veterans Plumbing Offers the Water Softener Boise People Trust","62","","0","Indexable",""
"https://www.veteransplumbingcorp.com/water-softeners-Kuna-id","1","Water Softener Systems & Service in Kuna","40","","0","Indexable",""
"https://www.veteransplumbingcorp.com/Residential-Plumbing-Services","1","Residential Plumbing Services in Boise","38","","0","Indexable",""
"https://www.veteransplumbingcorp.com/sitemap","0","","0","","0","Indexable",""
"https://www.veteransplumbingcorp.com/water-softener-eagle-idaho","1","Water Softeners & Softener Systems in Eagle","43","","0","Indexable",""
"https://www.veteransplumbingcorp.com/Tankless-Water-Heater","1","The Best Boise Tankless Water Heater Installation Resident Can Buy","66","","0","Indexable",""
"https://www.veteransplumbingcorp.com/about-us","2","Veterans Plumbing A Top Plumbing Provider","41","Our Team","8","Indexable",""
"https://www.veteransplumbingcorp.com/Water-Heater-Replacement","2","Reliable Boise Water Heater Installation","40","People Swear By","15","Indexable",""
"https://www.veteransplumbingcorp.com/water-softeners-nampa-idaho","1","Water Softeners & Systems in Nampa","34","","0","Indexable",""
"https://www.veteransplumbingcorp.com/thank-you","1","Thank You","9","","0","Indexable",""
"https://www.veteransplumbingcorp.com/privacy-policy","0","","0","","0","Indexable",""
